[
    {
        "id": "ef17d350-c334-43f2-b065-158f5a0d84ab",
        "name": "Teresa Odescalchi",
        "email": "camillasabbatini@example.net",
        "birth_date": "1976-11-22",
        "phone_number": "+39 3917542572",
        "address": "Viale Dino, 83 Piano 3\n27100, Pavia (PV)",
        "city": "Campo Nell'Elba",
        "postal_code": "09124",
        "state": "Viterbo",
        "country": "Antartide (territori a sud del 60° parallelo)",
        "latitude": -51.400494,
        "longitude": 162.384707
    },
    {
        "id": "fa4e4572-b4be-4647-b6f9-7ffbfa194084",
        "name": "Sig. Salvi Padovano",
        "email": "wdetti@example.net",
        "birth_date": "1989-03-29",
        "phone_number": "+39 3917542572",
        "address": "Via Serena, 980\n64020, Ripattoni (TE)",
        "city": "Campagna Lupia",
        "postal_code": "32042",
        "state": "Benevento",
        "country": "San Bartolomeo",
        "latitude": 28.5582745,
        "longitude": -175.141663
    },
    {
        "id": "3ba9e1c4-3bb4-4ae7-a0ff-4bc835ab1962",
        "name": "Telemaco Modiano",
        "email": "cassandrapacomio@example.org",
        "birth_date": "1999-06-04",
        "phone_number": "+39 3917542572",
        "address": "Contrada Bandello, 53\n09121, Cagliari (CA)",
        "city": "Montelibretti",
        "postal_code": "50022",
        "state": "Latina",
        "country": "Bahamas",
        "latitude": -78.5655585,
        "longitude": -28.814058
    },
    {
        "id": "610691af-866f-4f64-833b-5414e4086494",
        "name": "Giuseppe Santi",
        "email": "ciciliadaria@example.net",
        "birth_date": "1966-09-04",
        "phone_number": "+39 3917542572",
        "address": "Contrada Daniele, 273\n29010, Casaliggio (PC)",
        "city": "Codigoro",
        "postal_code": "63821",
        "state": "Piacenza",
        "country": "Nuova Caledonia",
        "latitude": -13.3143365,
        "longitude": -21.55323
    },
    {
        "id": "5e7ef87c-efe6-4fa8-b1ad-a40e1d0bb8e7",
        "name": "Amanda Fittipaldi",
        "email": "raffaellino36@example.org",
        "birth_date": "1950-12-29",
        "phone_number": "+39 3917542572",
        "address": "Viale Gaspare, 772 Appartamento 73\n33047, Cerneglons (UD)",
        "city": "Cesacastina",
        "postal_code": "34100",
        "state": "Carbonia-Iglesias",
        "country": "Irlanda",
        "latitude": -15.6273665,
        "longitude": 41.483843
    },
    {
        "id": "c848e2c0-ea3c-4dd0-8d1a-24c6e288affa",
        "name": "Sophia Contarini",
        "email": "michele54@example.net",
        "birth_date": "1939-04-23",
        "phone_number": "+39 3917542572",
        "address": "Incrocio Rocca, 81\n34137, Trieste (TS)",
        "city": "Pietragalla",
        "postal_code": "84042",
        "state": "Viterbo",
        "country": "Finlandia",
        "latitude": -8.069193,
        "longitude": -111.267512
    },
    {
        "id": "870dc558-5207-4b75-993a-7594c262079a",
        "name": "Diana Capone-Michelangeli",
        "email": "xeco@example.org",
        "birth_date": "1977-03-17",
        "phone_number": "+39 3917542572",
        "address": "Rotonda Osvaldo, 70\n83051, Nusco (AV)",
        "city": "Lonigo",
        "postal_code": "95019",
        "state": "Livorno",
        "country": "Emirati Arabi Uniti",
        "latitude": 65.6829235,
        "longitude": -6.361965
    },
    {
        "id": "da671afa-1c1c-43b2-870e-b1321e27f076",
        "name": "Eraldo Gozzano-Valmarana",
        "email": "email_non_valida",
        "birth_date": "3000-01-01",
        "phone_number": "+39 3917542572",
        "address": "Stretto Elvira, 273\n34012, Basovizza (TS)",
        "city": "San Genesio Atesino",
        "postal_code": "ABCDE",
        "state": "Pistoia",
        "country": "Tajikistan",
        "latitude": -87.9578655,
        "longitude": -54.587759
    },
    {
        "id": "26ad5da1-372d-440a-ac3b-da00c7e1ab5e",
        "name": "Carolina Rubbia",
        "email": "moresigermana@example.com",
        "birth_date": "1990-05-21",
        "phone_number": "+39 3917542572",
        "address": "Piazza Rembrandt, 93 Piano 0\n98164, Messina (ME)",
        "city": "Tils",
        "postal_code": "60020",
        "state": "Alessandria",
        "country": "Togo",
        "latitude": 64.423419,
        "longitude": 101.702772
    },
    {
        "id": "a4a2a54f-3833-4d8d-9129-90cad4f58d76",
        "name": "Rosina Visintini",
        "email": "email_non_valida",
        "birth_date": "3000-01-01",
        "phone_number": "+39 3917542572",
        "address": "Vicolo Magnani, 43\n98141, Giampilieri Marina (ME)",
        "city": "Caprioli",
        "postal_code": "ABCDE",
        "state": "Asti",
        "country": "Giappone",
        "latitude": -79.2209,
        "longitude": -9.437987
    },
    {
        "id": "ee699fa3-2345-4406-bc2f-6ef2c2ad5161",
        "name": "Gloria Pasolini",
        "email": "zfallaci@example.com",
        "birth_date": "2005-11-10",
        "phone_number": "+39 3917542572",
        "address": "Stretto Nedda, 489 Appartamento 72\n23880, California (LC)",
        "city": "Ciavolotto",
        "postal_code": "09027",
        "state": "Ancona",
        "country": "Saint Lucia",
        "latitude": -55.4257825,
        "longitude": 126.134704
    },
    {
        "id": "8ca362dd-26f2-4cb6-b420-3b44623bb74e",
        "name": "Donatello Condoleo",
        "email": "ferdinandotravaglia@example.org",
        "birth_date": "2003-06-27",
        "phone_number": "+39 3917542572",
        "address": "Incrocio Sandra, 32\n92020, Villafranca Sicula (AG)",
        "city": "Sampeyre",
        "postal_code": "70054",
        "state": "Enna",
        "country": "Bahamas",
        "latitude": -62.4747815,
        "longitude": 135.00067
    },
    {
        "id": "32f33356-8f00-4cb1-b04f-8725eed35428",
        "name": "Annunziata Monduzzi",
        "email": "hfanucci@example.com",
        "birth_date": "1949-09-03",
        "phone_number": "+39 3917542572",
        "address": "Rotonda Amadeo, 456\n36045, Almisano (VI)",
        "city": "Valas",
        "postal_code": "34075",
        "state": "Savona",
        "country": "Cuba",
        "latitude": -21.2953745,
        "longitude": 114.961425
    },
    {
        "id": "da3e605e-423f-4b22-b407-a2ed4d3bddea",
        "name": "Isabella Battaglia",
        "email": "gioachinoantelami@example.com",
        "birth_date": "1953-06-05",
        "phone_number": "+39 3917542572",
        "address": "Contrada Vittoria, 186 Piano 2\n47832, Sant'Andrea In Casale (RN)",
        "city": "Sonnino",
        "postal_code": "36036",
        "state": "Aosta",
        "country": "Oman",
        "latitude": -66.431689,
        "longitude": 74.061282
    },
    {
        "id": "99ef32ca-eae9-4601-8629-32ae31abf0bd",
        "name": "Lando Regge",
        "email": "email_non_valida",
        "birth_date": "3000-01-01",
        "phone_number": "+39 3917542572",
        "address": "Piazza Ruberto, 914\n88825, Savelli (KR)",
        "city": "St.Pete",
        "postal_code": "ABCDE",
        "state": "Torino",
        "country": "Montenegro",
        "latitude": 42.318689,
        "longitude": -156.40589
    },
    {
        "id": "90e0ea79-a787-44b2-991f-7aba01360e51",
        "name": "Dott. Paolo Norbiato",
        "email": "renzifabrizio@example.net",
        "birth_date": "1945-12-26",
        "phone_number": "+39 3917542572",
        "address": "Canale Bernardo, 650 Appartamento 84\n21047, Saronno (VA)",
        "city": "Sferracavallo",
        "postal_code": "20058",
        "state": "Belluno",
        "country": "Barbados",
        "latitude": -5.8369465,
        "longitude": -80.07161
    },
    {
        "id": "915529c9-8cbe-44ad-84c2-c36d5cef891d",
        "name": "Gaspare Morrocco",
        "email": "kzaccardo@example.org",
        "birth_date": "1979-01-21",
        "phone_number": "+39 3917542572",
        "address": "Piazza Letta, 422\n15011, Acqui Terme (AL)",
        "city": "Rosa'",
        "postal_code": "31033",
        "state": "Bolzano",
        "country": "Cambogia",
        "latitude": 59.5587095,
        "longitude": 176.047315
    },
    {
        "id": "448f1676-9074-4c7b-8cad-accf6038408d",
        "name": "Susanna Sokolov",
        "email": "turchivittoria@example.net",
        "birth_date": "1972-11-15",
        "phone_number": "+39 3917542572",
        "address": "Canale Parisi, 66\n89133, Cannavo' (RC)",
        "city": "Bosa Marina",
        "postal_code": "96017",
        "state": "L'Aquila",
        "country": "Eritrea",
        "latitude": 16.087387,
        "longitude": -48.823362
    },
    {
        "id": "e43ad50a-20ba-43d2-9bff-ce4306c41e61",
        "name": "Germana Campise",
        "email": "dcanetta@example.com",
        "birth_date": "1974-10-11",
        "phone_number": "+39 3917542572",
        "address": "Canale Bonino, 734 Appartamento 3\n23871, Lomagna (LC)",
        "city": "Villa Col Dei Canali",
        "postal_code": "26846",
        "state": "Bergamo",
        "country": "Ghana",
        "latitude": -29.0505695,
        "longitude": 124.444362
    },
    {
        "id": "402f8b63-5072-44c9-b518-e12f8315636a",
        "name": "Michele Mazzi-Farinelli",
        "email": "email_non_valida",
        "birth_date": "3000-01-01",
        "phone_number": "+39 3917542572",
        "address": "Strada Olga, 8\n20883, Mezzago (MB)",
        "city": "Le Regine",
        "postal_code": "ABCDE",
        "state": "Cosenza",
        "country": "Olanda",
        "latitude": -66.0040975,
        "longitude": 128.370492
    },
    {
        "id": "a017bf9a-848e-4061-b2c4-cbf89f901147",
        "name": "Dott. Giulia Pezzali",
        "email": "email_non_valida",
        "birth_date": "3000-01-01",
        "phone_number": "+39 3917542572",
        "address": "Viale Mortati, 33\n13047, San Germano Vercellese (VC)",
        "city": "Inarzo",
        "postal_code": "ABCDE",
        "state": "Pavia",
        "country": "Costa d'Avorio",
        "latitude": -44.4771955,
        "longitude": 125.834881
    },
    {
        "id": "62c444bc-3edf-4616-b053-f1288f8727bd",
        "name": "Lidia Gussoni",
        "email": "landomoschino@example.org",
        "birth_date": "1956-03-05",
        "phone_number": "+39 3917542572",
        "address": "Contrada Silvia, 679 Appartamento 4\n45024, Fiesso Umbertiano (RO)",
        "city": "Grand Villa",
        "postal_code": "14014",
        "state": "Massa-Carrara",
        "country": "Reunion",
        "latitude": -47.78306,
        "longitude": 111.413035
    },
    {
        "id": "d1036fbe-b1a8-473c-b624-5c7b18aab7ec",
        "name": "Dott. Fiamma Ferraris",
        "email": "ugorandazzo@example.net",
        "birth_date": "1955-05-30",
        "phone_number": "+39 3917542572",
        "address": "Incrocio Borromini, 4 Piano 2\n02014, San Liberato (RI)",
        "city": "Montecenere",
        "postal_code": "73018",
        "state": "Avellino",
        "country": "Canada",
        "latitude": 0.819171,
        "longitude": -156.662572
    },
    {
        "id": "18b2f1ca-3e5c-4100-9008-3cdbd29ba2d7",
        "name": "Gastone Bottigliero-Pininfarina",
        "email": "salvatoreinteriano@example.org",
        "birth_date": "1944-01-06",
        "phone_number": "+39 3917542572",
        "address": "Stretto Nico, 43 Piano 8\n80028, Grumo Nevano (NA)",
        "city": "Terzo La Pieve",
        "postal_code": "31018",
        "state": "La Spezia",
        "country": "Haiti",
        "latitude": -71.1906045,
        "longitude": -77.474578
    },
    {
        "id": "d3e806ec-9750-496a-858d-52543babd020",
        "name": "Corrado Nordio",
        "email": "qpertile@example.com",
        "birth_date": "1979-03-03",
        "phone_number": "+39 3917542572",
        "address": "Stretto Paloma, 5\n42042, Fabbrico (RE)",
        "city": "Caltignaga",
        "postal_code": "20058",
        "state": "Trieste",
        "country": "Repubblica Ceca",
        "latitude": -64.6617935,
        "longitude": -21.347569
    },
    {
        "id": "532fb55a-3525-4ddc-b368-ec15144c5837",
        "name": "Antonio Chiaramonte",
        "email": "email_non_valida",
        "birth_date": "3000-01-01",
        "phone_number": "+39 3917542572",
        "address": "Canale Lazzaro, 27 Appartamento 4\n13861, Ailoche (BI)",
        "city": "San Vito Di Altivole",
        "postal_code": "ABCDE",
        "state": "L'Aquila",
        "country": "Saint Pierre and Miquelon",
        "latitude": 38.8959345,
        "longitude": -27.080544
    },
    {
        "id": "894885a4-9373-4b28-b9e7-ce15236e2ce6",
        "name": "Vincenza Sobrero",
        "email": "email_non_valida",
        "birth_date": "3000-01-01",
        "phone_number": "+39 3917542572",
        "address": "Canale Redi, 75 Appartamento 2\n17038, Villanova D'Albenga (SV)",
        "city": "Ravi",
        "postal_code": "ABCDE",
        "state": "Avellino",
        "country": "Sud Africa",
        "latitude": 57.3509865,
        "longitude": -137.289091
    },
    {
        "id": "2b406446-670f-4f1a-ac15-ebc6cd37c133",
        "name": "Dott. Gelsomina Finzi",
        "email": "gcarnera@example.com",
        "birth_date": "1949-09-17",
        "phone_number": "+39 3917542572",
        "address": "Via Boccaccio, 581\n23802, Carenno (LC)",
        "city": "Alfano",
        "postal_code": "41058",
        "state": "Vibo Valentia",
        "country": "San Bartolomeo",
        "latitude": -65.815717,
        "longitude": 122.847538
    },
    {
        "id": "8cb83c55-d87e-4192-a763-770dd53c1990",
        "name": "Raffaella Malenchini",
        "email": "evangelistamalaparte@example.org",
        "birth_date": "1941-08-08",
        "phone_number": "+39 3917542572",
        "address": "Incrocio Lilla, 3\n80122, Chiaia (NA)",
        "city": "Poggio Nativo",
        "postal_code": "24061",
        "state": "Varese",
        "country": "Città del Vaticano",
        "latitude": -79.5666915,
        "longitude": -162.883894
    },
    {
        "id": "cee6bb59-9435-491f-9dc8-52889b7d8517",
        "name": "Sig. Massimo Papetti",
        "email": "toni48@example.net",
        "birth_date": "1977-04-16",
        "phone_number": "+39 3917542572",
        "address": "Vicolo Caracciolo, 8 Appartamento 4\n07015, Padria (SS)",
        "city": "Certosa Di Pavia",
        "postal_code": "95017",
        "state": "Cremona",
        "country": "Saint Martin",
        "latitude": 63.0471215,
        "longitude": -116.767501
    },
    {
        "id": "e945388c-66fc-48ae-ba8d-2062e9d06db7",
        "name": "Luigi Tozzo",
        "email": "olga89@example.org",
        "birth_date": "1950-08-12",
        "phone_number": "+39 3917542572",
        "address": "Contrada Paola, 28\n72024, San Cosimo Alla Macchia (BR)",
        "city": "Carinola",
        "postal_code": "63842",
        "state": "Caltanissetta",
        "country": "Uruguay",
        "latitude": 23.819154,
        "longitude": 162.852376
    },
    {
        "id": "4cbaad4d-53b8-4261-938e-a7f3ec0a967a",
        "name": "Giada Liguori",
        "email": "xaloisio@example.org",
        "birth_date": "1998-06-18",
        "phone_number": "+39 3917542572",
        "address": "Incrocio Bonolis, 11 Appartamento 36\n56010, Uliveto Terme (PI)",
        "city": "Gomago",
        "postal_code": "33026",
        "state": "Novara",
        "country": "Repubblica Centrale Africana",
        "latitude": -23.5019375,
        "longitude": 49.403617
    },
    {
        "id": "1c467026-16de-4d1e-81b7-89412e4aafd7",
        "name": "Emma Vespa",
        "email": "email_non_valida",
        "birth_date": "3000-01-01",
        "phone_number": "+39 3917542572",
        "address": "Borgo Gioffre, 84\n43030, Marzolara (PR)",
        "city": "Ceppo Morelli",
        "postal_code": "ABCDE",
        "state": "Matera",
        "country": "El Salvador",
        "latitude": 77.4680165,
        "longitude": -45.453323
    },
    {
        "id": "31764027-3bc6-4a68-882d-9bfe8c269add",
        "name": "Mariano Capecchi",
        "email": "scamuccini@example.com",
        "birth_date": "1951-12-03",
        "phone_number": "+39 3917542572",
        "address": "Canale Vittorio, 23\n05039, Stroncone (TR)",
        "city": "Prata Di Principato Ultra",
        "postal_code": "33038",
        "state": "Lodi",
        "country": "Indonesia",
        "latitude": -38.158349,
        "longitude": -4.326414
    },
    {
        "id": "484997e7-94db-4182-822e-d652759cfd21",
        "name": "Fausto Cremonesi-Bazzi",
        "email": "babatoantonietta@example.org",
        "birth_date": "1962-07-26",
        "phone_number": "+39 3917542572",
        "address": "Stretto Smirnoff, 62\n21028, Travedona Monate (VA)",
        "city": "Zogno",
        "postal_code": "20883",
        "state": "Monza e della Brianza",
        "country": "Nepal",
        "latitude": -58.965204,
        "longitude": -101.852686
    },
    {
        "id": "23d7a08a-d080-4a08-97df-f75f23505842",
        "name": "Romana Franscini",
        "email": "rosa54@example.com",
        "birth_date": "1963-04-08",
        "phone_number": "+39 3917542572",
        "address": "Piazza Leopardi, 3 Appartamento 11\n00060, Terrazze (RM)",
        "city": "Sant'Agata Sui Due Golfi",
        "postal_code": "80023",
        "state": "Verona",
        "country": "Wallis and Futuna",
        "latitude": -15.8206945,
        "longitude": 165.394583
    },
    {
        "id": "4f4a53fe-3635-4d86-bd32-7f068f7ad686",
        "name": "Luchino Battelli",
        "email": "pliguori@example.com",
        "birth_date": "1994-10-24",
        "phone_number": "+39 3917542572",
        "address": "Strada Lucchesi, 40 Piano 5\n40129, Bologna (BO)",
        "city": "Campione Del Garda",
        "postal_code": "13833",
        "state": "Teramo",
        "country": "Macao",
        "latitude": -41.9713335,
        "longitude": 29.974287
    },
    {
        "id": "04e38553-8777-497e-9731-d46f4029abea",
        "name": "Mauro Marenzio",
        "email": "mariatomasetti@example.com",
        "birth_date": "1969-03-27",
        "phone_number": "+39 3917542572",
        "address": "Rotonda Guglielmo, 35 Appartamento 84\n33090, Vito D'Asio (PN)",
        "city": "St.Johann In Ahrnta",
        "postal_code": "20881",
        "state": "Ravenna",
        "country": "Paraguay",
        "latitude": -51.750729,
        "longitude": -147.165412
    },
    {
        "id": "67088c78-cebe-41e0-b9b7-9d05ae5aaef7",
        "name": "Vito Errani",
        "email": "osismondi@example.org",
        "birth_date": "1978-12-19",
        "phone_number": "+39 3917542572",
        "address": "Contrada Maccanelli, 8\n29027, San Polo (PC)",
        "city": "Riana Di Monchio",
        "postal_code": "85055",
        "state": "Salerno",
        "country": "Cina",
        "latitude": 66.939618,
        "longitude": -96.039219
    },
    {
        "id": "a83b4fe0-80ce-4e5a-aa1c-081831e09129",
        "name": "Pierina Grifeo-Pizziol",
        "email": "danteroncalli@example.com",
        "birth_date": "1998-12-23",
        "phone_number": "+39 3917542572",
        "address": "Incrocio Fuseli, 40 Appartamento 6\n09170, Nuraxinieddu (OR)",
        "city": "Cortenuova",
        "postal_code": "41013",
        "state": "Vicenza",
        "country": "Micronesia",
        "latitude": 43.4465045,
        "longitude": -152.36172
    },
    {
        "id": "4e28d7e2-ae7e-4f3e-845a-065ca7d57375",
        "name": "Dott. Valeria Gianvecchio",
        "email": "ansaldocaruso@example.org",
        "birth_date": "2006-04-08",
        "phone_number": "+39 3917542572",
        "address": "Borgo Gioele, 7\n16144, Genova (GE)",
        "city": "Parre",
        "postal_code": "73015",
        "state": "Olbia-Tempio",
        "country": "Rwanda",
        "latitude": 9.9856185,
        "longitude": -109.890659
    },
    {
        "id": "c1721aa6-8f67-4381-8d0d-a36ba8962b84",
        "name": "Gemma Legnante",
        "email": "azegliofantozzi@example.com",
        "birth_date": "1936-09-03",
        "phone_number": "+39 3917542572",
        "address": "Viale Melina, 95\n44124, Ferrara (FE)",
        "city": "Girla",
        "postal_code": "01039",
        "state": "Torino",
        "country": "Nigeria",
        "latitude": 62.124366,
        "longitude": 135.943977
    },
    {
        "id": "19dfce9a-c67f-425c-b242-1227c7f2e363",
        "name": "Adelmo Vecellio",
        "email": "sonninocostanzo@example.com",
        "birth_date": "1963-01-28",
        "phone_number": "+39 3917542572",
        "address": "Piazza Milena, 79 Appartamento 3\n20088, Rosate (MI)",
        "city": "Piccolino",
        "postal_code": "51015",
        "state": "Barletta-Andria-Trani",
        "country": "Lituania",
        "latitude": 72.756122,
        "longitude": -114.940272
    },
    {
        "id": "0df0e25c-27eb-4263-8ca6-bc2d5aa073c9",
        "name": "Rosaria Flaiano-Petruzzi",
        "email": "silvestrorighi@example.net",
        "birth_date": "1995-01-25",
        "phone_number": "+39 3917542572",
        "address": "Contrada Rosina, 44 Appartamento 5\n02015, Cittaducale (RI)",
        "city": "Bazzana",
        "postal_code": "10093",
        "state": "Torino",
        "country": "Niue",
        "latitude": -43.4236485,
        "longitude": 176.12513
    },
    {
        "id": "9320fae8-1b1a-44d2-8016-c8b84783a462",
        "name": "Enrico Guidotti",
        "email": "oreste21@example.com",
        "birth_date": "1954-10-10",
        "phone_number": "+39 3917542572",
        "address": "Contrada Trussardi, 27 Appartamento 36\n60038, San Paolo Di Jesi (AN)",
        "city": "Camigliano",
        "postal_code": "16124",
        "state": "Barletta-Andria-Trani",
        "country": "Bolivia",
        "latitude": -72.765961,
        "longitude": -165.526219
    },
    {
        "id": "a2f2736c-6317-4b00-8be9-cd8cceab2e9c",
        "name": "Gianmarco Verdone-Guicciardini",
        "email": "email_non_valida",
        "birth_date": "3000-01-01",
        "phone_number": "+39 3917542572",
        "address": "Piazza Ignazio, 96 Piano 5\n35026, Conselve (PD)",
        "city": "Drapia",
        "postal_code": "ABCDE",
        "state": "Pordenone",
        "country": "Heard Island and McDonald Islands",
        "latitude": -33.660924,
        "longitude": -40.092329
    },
    {
        "id": "7d0e3134-f3cb-418a-ae58-abe7cbf04a9c",
        "name": "Elisa Mazzacurati",
        "email": "email_non_valida",
        "birth_date": "3000-01-01",
        "phone_number": "+39 3917542572",
        "address": "Viale Cavalcanti, 4 Appartamento 8\n65126, Pescara (PE)",
        "city": "Sandra'",
        "postal_code": "ABCDE",
        "state": "Massa-Carrara",
        "country": "Qatar",
        "latitude": 84.450293,
        "longitude": 5.497922
    },
    {
        "id": "450b35c6-414a-46e4-9d64-c29eb12dc95f",
        "name": "Maurilio Brenna",
        "email": "ftomasetti@example.net",
        "birth_date": "1972-11-11",
        "phone_number": "+39 3917542572",
        "address": "Viale Lerner, 186\n21041, Albizzate (VA)",
        "city": "Mirabello Sannitico",
        "postal_code": "07028",
        "state": "Ascoli Piceno",
        "country": "Afghanistan",
        "latitude": 53.843575,
        "longitude": -117.764148
    },
    {
        "id": "0b59c704-1594-44c9-8d77-ed29af23f023",
        "name": "Gloria Sinisi",
        "email": "mattia49@example.com",
        "birth_date": "1987-01-25",
        "phone_number": "+39 3917542572",
        "address": "Incrocio Tina, 81 Appartamento 88\n65023, San Tommaso (PE)",
        "city": "Castelveccana",
        "postal_code": "75020",
        "state": "Forlì-Cesena",
        "country": "Serbia",
        "latitude": -40.993103,
        "longitude": 124.941359
    },
    {
        "id": "805d4357-5b80-4f0f-abf5-45ae5a7cb0c5",
        "name": "Sig. Gianfrancesco Galtarossa",
        "email": "telesioevangelista@example.com",
        "birth_date": "1991-10-04",
        "phone_number": "+39 3917542572",
        "address": "Incrocio Salvi, 94\n36015, Sant'Ulderico (VI)",
        "city": "Airole",
        "postal_code": "10154",
        "state": "Mantova",
        "country": "Saint Martin",
        "latitude": -32.355512,
        "longitude": -141.880884
    }
]